feature,time
bar_boundaries,2.647074829931973
bar_boundaries,5.061950113378685
bar_boundaries,7.476825396825397
bar_boundaries,9.891700680272109
bar_boundaries,12.26013605442177
bar_boundaries,14.675011337868481
bar_boundaries,17.08988662131519
bar_boundaries,19.458321995464853
bar_boundaries,21.873197278911565
bar_boundaries,24.288072562358277
bar_boundaries,26.70294784580499
bar_boundaries,29.071383219954647
bar_boundaries,31.48625850340136
bar_boundaries,34.08689342403628
bar_boundaries,36.594648526077094
bar_boundaries,39.00952380952381
bar_boundaries,41.37795918367347
bar_boundaries,43.79283446712018
bar_boundaries,46.20770975056689
bar_boundaries,48.576145124716554
bar_boundaries,50.991020408163266
bar_boundaries,53.40589569160998
bar_boundaries,55.77433106575964
bar_boundaries,58.18920634920635
bar_boundaries,60.60408163265306
bar_boundaries,62.97251700680272
bar_boundaries,65.38739229024944
bar_boundaries,67.80226757369614
bar_boundaries,70.17070294784581
bar_boundaries,72.58557823129252
bar_boundaries,75.00045351473923
bar_boundaries,77.36888888888889
bar_boundaries,79.7837641723356
bar_boundaries,82.19863945578231
bar_boundaries,84.56707482993197
bar_boundaries,86.98195011337869
bar_boundaries,89.39682539682539
bar_boundaries,91.81170068027211
bar_boundaries,94.18013605442177
bar_boundaries,96.59501133786848
bar_boundaries,99.00988662131519
bar_boundaries,101.37832199546486
bar_boundaries,103.79319727891156
bar_boundaries,106.20807256235828
bar_boundaries,108.57650793650794
bar_boundaries,110.99138321995464
bar_boundaries,113.40625850340136
bar_boundaries,115.77469387755102
bar_boundaries,118.18956916099773
bar_boundaries,120.55800453514739
bar_boundaries,122.97287981859411
bar_boundaries,125.38775510204081
bar_boundaries,127.80263038548753
bar_boundaries,130.1710657596372
bar_boundaries,132.5859410430839
bar_boundaries,135.0008163265306
bar_boundaries,137.36925170068028
bar_boundaries,139.78412698412697
bar_boundaries,142.1990022675737
bar_boundaries,144.56743764172336
bar_boundaries,146.98231292517008
bar_boundaries,149.39718820861677
bar_boundaries,151.76562358276644
bar_boundaries,154.18049886621316
bar_boundaries,156.59537414965988
bar_boundaries,158.96380952380952
bar_boundaries,161.37868480725623
bar_boundaries,163.79356009070295
bar_boundaries,166.1619954648526
bar_boundaries,168.5768707482993
bar_boundaries,170.99174603174603
bar_boundaries,173.3601814058957
bar_boundaries,175.7750566893424
bar_boundaries,178.1899319727891
bar_boundaries,180.60480725623583
bar_boundaries,182.9732426303855
bar_boundaries,185.3881179138322
bar_boundaries,187.8029931972789
bar_boundaries,190.17142857142858
bar_boundaries,192.5863038548753
bar_boundaries,195.001179138322
bar_boundaries,197.36961451247166
bar_boundaries,199.78448979591838
bar_boundaries,202.19936507936507
bar_boundaries,204.56780045351474
bar_boundaries,206.98267573696145
bar_boundaries,209.39755102040817
bar_boundaries,211.7659863945578
bar_boundaries,214.18086167800453
bar_boundaries,216.59573696145125
bar_boundaries,218.96417233560092
bar_boundaries,221.3790476190476
bar_boundaries,223.79392290249433
bar_boundaries,226.162358276644
bar_boundaries,228.5772335600907
bar_boundaries,230.9921088435374
bar_boundaries,233.40698412698413
bar_boundaries,235.7754195011338
bar_boundaries,238.1902947845805
bar_boundaries,240.6051700680272
bar_boundaries,242.97360544217688
bar_boundaries,245.3884807256236
bar_boundaries,247.80335600907028
bar_boundaries,250.17179138321995
bar_boundaries,252.58666666666667
bar_boundaries,255.0015419501134
bar_boundaries,257.36997732426306
bar_boundaries,259.78485260770975
bar_boundaries,262.19972789115644
bar_boundaries,264.5681632653061
bar_boundaries,266.98303854875286
bar_boundaries,269.39791383219955
bar_boundaries,271.7663492063492
bar_boundaries,274.1812244897959
bar_boundaries,276.59609977324266
bar_boundaries,278.96453514739227
bar_boundaries,281.379410430839
bar_boundaries,283.7942857142857
bar_boundaries,286.20916099773245
bar_boundaries,288.57759637188207
bar_boundaries,290.9924716553288
bar_boundaries,293.4073469387755
bar_boundaries,295.7757823129252
bar_boundaries,298.19065759637186
bar_boundaries,300.6055328798186
bar_boundaries,302.9739682539683
bar_boundaries,305.38884353741497
bar_boundaries,307.80371882086166
bar_boundaries,310.17215419501133
bar_boundaries,312.5870294784581
bar_boundaries,315.00190476190477
bar_boundaries,317.37034013605444
bar_boundaries,319.7852154195011
bar_boundaries,322.2000907029478
bar_boundaries,324.5685260770975
bar_boundaries,326.98340136054424
bar_boundaries,329.3982766439909
bar_boundaries,331.7667120181406
bar_boundaries,334.1815873015873
bar_boundaries,336.59646258503403
bar_boundaries,338.96489795918365
bar_boundaries,341.3797732426304
bar_boundaries,343.7946485260771
bar_boundaries,346.16308390022675
bar_boundaries,348.57795918367344
bar_boundaries,350.9928344671202
bar_boundaries,353.36126984126986
bar_boundaries,355.77614512471655
bar_boundaries,358.19102040816324
bar_boundaries,360.5594557823129
bar_boundaries,362.97433106575966
bar_boundaries,365.38920634920635
bar_boundaries,367.80408163265304
bar_boundaries,370.1725170068027
bar_boundaries,372.58739229024945
bar_boundaries,375.00226757369614
bar_boundaries,377.3707029478458
bar_boundaries,379.7855782312925
bar_boundaries,382.20045351473925
bar_boundaries,384.56888888888886
bar_boundaries,386.9837641723356
bar_boundaries,389.3986394557823
bar_boundaries,391.76707482993197
bar_boundaries,394.18195011337866
bar_boundaries,396.5968253968254
bar_boundaries,398.9652607709751
bar_boundaries,401.38013605442177
bar_boundaries,403.79501133786846
bar_boundaries,406.16344671201813
bar_boundaries,408.5783219954649
bar_boundaries,410.99319727891157
bar_boundaries,413.36163265306124
bar_boundaries,415.7765079365079
bar_boundaries,418.1913832199547
bar_boundaries,420.60625850340136
bar_boundaries,422.97469387755103
bar_boundaries,425.3895691609977
bar_boundaries,427.80444444444447
bar_boundaries,430.1728798185941
bar_boundaries,432.58775510204083
bar_boundaries,435.0026303854875
bar_boundaries,437.3710657596372
bar_boundaries,439.7859410430839
bar_boundaries,442.2008163265306
bar_boundaries,444.5692517006803
bar_boundaries,446.984126984127
bar_boundaries,449.3990022675737
bar_boundaries,451.76743764172335
bar_boundaries,454.1823129251701
bar_boundaries,456.5971882086168
bar_boundaries,458.96562358276645
bar_boundaries,461.38049886621314
bar_boundaries,463.7953741496599
bar_boundaries,466.2102494331066
bar_boundaries,468.57868480725625
bar_boundaries,470.99356009070294
bar_boundaries,473.40843537414963
bar_boundaries,475.8233106575964
bar_boundaries,478.19174603174605
section_boundaries,3.01859410430839
section_boundaries,114.56725623582767
section_boundaries,156.1774149659864
section_boundaries,232.10666666666665
section_boundaries,462.35573696145127
section_boundaries,480.28154195011336
onset_times,2.36843537414966
onset_times,2.414875283446712
onset_times,2.647074829931973
onset_times,2.786394557823129
onset_times,2.8328344671201813
onset_times,3.297233560090703
onset_times,3.5294331065759637
onset_times,3.575873015873016
onset_times,3.7151927437641725
onset_times,4.31891156462585
onset_times,4.458231292517007
onset_times,4.73687074829932
onset_times,4.783310657596372
onset_times,4.922630385487528
onset_times,5.061950113378685
onset_times,5.2477097505668935
onset_times,5.433469387755102
onset_times,5.6656689342403626
onset_times,5.944308390022676
onset_times,5.990748299319728
onset_times,6.408707482993197
onset_times,6.548027210884354
onset_times,6.873106575963718
onset_times,7.012426303854875
onset_times,7.198185941043084
onset_times,7.476825396825397
onset_times,7.616145124716553
onset_times,8.034104308390022
onset_times,8.080544217687075
onset_times,8.40562358276644
onset_times,8.544943310657596
onset_times,8.684263038548753
onset_times,9.241541950113378
onset_times,9.287981859410431
onset_times,9.566621315192744
onset_times,9.613061224489796
onset_times,9.891700680272109
onset_times,10.031020408163265
onset_times,10.448979591836734
onset_times,10.495419501133787
onset_times,10.681179138321996
onset_times,10.727619047619047
onset_times,11.052698412698414
onset_times,11.23845804988662
onset_times,11.517097505668934
onset_times,11.702857142857143
onset_times,11.842176870748299
onset_times,11.981496598639456
onset_times,12.26013605442177
onset_times,12.399455782312925
onset_times,12.445895691609977
onset_times,12.585215419501134
onset_times,12.863854875283447
onset_times,13.049614512471654
onset_times,13.188934240362812
onset_times,13.328253968253968
onset_times,13.467573696145125
onset_times,13.606893424036281
onset_times,13.79265306122449
onset_times,13.931972789115646
onset_times,14.071292517006803
onset_times,14.396371882086168
onset_times,14.675011337868481
onset_times,14.814331065759637
onset_times,15.27873015873016
onset_times,15.418049886621315
onset_times,15.74312925170068
onset_times,15.882448979591837
onset_times,16.207528344671204
onset_times,16.34684807256236
onset_times,16.486167800453515
onset_times,16.62548752834467
onset_times,16.764807256235827
onset_times,17.08988662131519
onset_times,17.22920634920635
onset_times,17.41496598639456
onset_times,17.69360544217687
onset_times,17.972244897959182
onset_times,18.250884353741498
onset_times,18.297324263038547
onset_times,18.436643990929706
onset_times,18.622403628117915
onset_times,18.854603174603174
onset_times,18.901043083900227
onset_times,19.040362811791383
onset_times,19.17968253968254
onset_times,19.644081632653062
onset_times,19.969160997732427
onset_times,20.108480725623583
onset_times,20.24780045351474
onset_times,20.387120181405894
onset_times,20.526439909297054
onset_times,20.851519274376418
onset_times,20.990839002267574
onset_times,21.13015873015873
onset_times,21.269478458049885
onset_times,21.455238095238094
onset_times,21.59455782312925
onset_times,21.873197278911565
onset_times,22.01251700680272
onset_times,22.19827664399093
onset_times,22.47691609977324
onset_times,22.801995464852606
onset_times,22.941315192743765
onset_times,23.08063492063492
onset_times,23.405714285714286
onset_times,23.54503401360544
onset_times,23.684353741496597
onset_times,24.009433106575965
onset_times,24.14875283446712
onset_times,24.288072562358277
onset_times,24.61315192743764
onset_times,24.79891156462585
onset_times,24.891791383219953
onset_times,25.170430839002268
onset_times,25.63482993197279
onset_times,25.820589569160997
onset_times,25.959909297052153
onset_times,26.09922902494331
onset_times,26.377868480725624
onset_times,26.70294784580499
onset_times,26.842267573696144
onset_times,26.9815873015873
onset_times,27.028027210884353
onset_times,27.260226757369615
onset_times,27.30666666666667
onset_times,27.58530612244898
onset_times,27.724625850340136
onset_times,27.86394557823129
onset_times,28.0497052154195
onset_times,28.189024943310656
onset_times,28.328344671201815
onset_times,28.46766439909297
onset_times,28.65342403628118
onset_times,28.792743764172336
onset_times,28.978503401360545
onset_times,29.396462585034012
onset_times,29.675102040816327
onset_times,30.00018140589569
onset_times,30.278820861678003
onset_times,30.464580498866212
onset_times,30.882539682539683
onset_times,31.02185941043084
onset_times,31.207619047619048
onset_times,31.48625850340136
onset_times,31.62557823129252
onset_times,31.811337868480727
onset_times,32.08997732426304
onset_times,32.229297052154195
onset_times,32.36861678004535
onset_times,33.01877551020408
onset_times,33.158095238095235
onset_times,33.29741496598639
onset_times,33.436734693877554
onset_times,33.57605442176871
onset_times,34.04045351473923
onset_times,34.22621315192744
onset_times,34.4584126984127
onset_times,34.50485260770975
onset_times,34.644172335600906
onset_times,34.78349206349206
onset_times,34.92281179138322
onset_times,35.062131519274374
onset_times,35.247891156462586
onset_times,35.38721088435374
onset_times,35.5265306122449
onset_times,35.66585034013605
onset_times,35.99092970521542
onset_times,36.26956916099773
onset_times,36.40888888888889
onset_times,36.45532879818594
onset_times,36.594648526077094
onset_times,36.87328798185941
onset_times,37.198367346938774
onset_times,37.33768707482993
onset_times,37.477006802721085
onset_times,37.6627664399093
onset_times,37.802086167800454
onset_times,38.080725623582765
onset_times,38.40580498866213
onset_times,38.54512471655329
onset_times,38.684444444444445
onset_times,38.8237641723356
onset_times,39.00952380952381
onset_times,39.288163265306125
onset_times,39.42748299319728
onset_times,39.613242630385486
onset_times,39.75256235827664
onset_times,39.8918820861678
onset_times,40.170521541950116
onset_times,40.30984126984127
onset_times,40.49560090702948
onset_times,40.63492063492063
onset_times,40.77424036281179
onset_times,41.05287981859411
onset_times,41.23863945578231
onset_times,41.37795918367347
onset_times,41.65659863945578
onset_times,41.703038548752836
onset_times,41.84235827664399
onset_times,41.98167800453515
onset_times,42.120997732426304
onset_times,42.26031746031746
onset_times,42.58539682539683
onset_times,42.72471655328798
onset_times,42.86403628117914
onset_times,43.049795918367344
onset_times,43.1891156462585
onset_times,43.46775510204082
onset_times,43.653514739229024
onset_times,43.79283446712018
onset_times,43.932154195011336
onset_times,44.07147392290249
onset_times,44.257233560090704
onset_times,44.39655328798186
onset_times,44.535873015873015
onset_times,44.67519274376417
onset_times,44.860952380952384
onset_times,45.00027210884354
onset_times,45.2324716553288
onset_times,45.27891156462585
onset_times,45.41823129251701
onset_times,45.60399092970521
onset_times,45.88263038548753
onset_times,46.021950113378686
onset_times,46.16126984126984
onset_times,46.20770975056689
onset_times,46.34702947845805
onset_times,46.4863492063492
onset_times,46.76498866213152
onset_times,46.81142857142857
onset_times,46.95074829931973
onset_times,47.09006802721088
onset_times,47.22938775510204
onset_times,47.368707482993194
onset_times,47.41514739229025
onset_times,47.69378684807256
onset_times,47.83310657596372
onset_times,47.972426303854874
onset_times,48.29750566893424
onset_times,48.4368253968254
onset_times,48.576145124716554
onset_times,48.901224489795915
onset_times,49.04054421768708
onset_times,49.179863945578234
onset_times,49.504943310657595
onset_times,49.64426303854875
onset_times,49.783582766439906
onset_times,50.24798185941043
onset_times,50.387301587301586
onset_times,50.6659410430839
onset_times,50.80526077097505
onset_times,50.85170068027211
onset_times,50.991020408163266
onset_times,51.13034013605442
onset_times,51.26965986394558
onset_times,51.45541950113379
onset_times,51.594739229024945
onset_times,51.7340589569161
onset_times,51.87337868480726
onset_times,52.19845804988662
onset_times,52.33777777777778
onset_times,52.47709750566894
onset_times,52.66285714285714
onset_times,52.8021768707483
onset_times,53.08081632653061
onset_times,53.22013605442177
onset_times,53.40589569160998
onset_times,53.68453514739229
onset_times,53.9631746031746
onset_times,54.14893424036281
onset_times,54.28825396825397
onset_times,54.427573696145124
onset_times,54.56689342403628
onset_times,54.61333333333334
onset_times,54.75265306122449
onset_times,54.89197278911565
onset_times,55.031292517006804
onset_times,55.17061224489796
onset_times,55.21705215419501
onset_times,55.49569160997732
onset_times,55.635011337868484
onset_times,55.77433106575964
onset_times,56.099410430839
onset_times,56.23873015873016
onset_times,56.37804988662131
onset_times,56.517369614512475
onset_times,56.65668934240363
onset_times,56.70312925170068
onset_times,56.842448979591836
onset_times,56.98176870748299
onset_times,57.2604081632653
onset_times,57.30684807256236
onset_times,57.446167800453516
onset_times,57.58548752834467
onset_times,57.91056689342403
onset_times,58.049886621315196
onset_times,58.18920634920635
onset_times,58.46784580498866
onset_times,58.65360544217687
onset_times,58.792925170068024
onset_times,58.93224489795919
onset_times,59.07156462585034
onset_times,59.25732426303855
onset_times,59.396643990929704
onset_times,59.53596371882086
onset_times,59.675283446712015
onset_times,59.86104308390023
onset_times,60.00036281179138
onset_times,60.279002267573695
onset_times,60.41832199546485
onset_times,60.60408163265306
onset_times,60.882721088435375
onset_times,61.207800453514736
onset_times,61.3471201814059
onset_times,61.486439909297054
onset_times,61.62575963718821
onset_times,61.765079365079366
onset_times,61.811519274376415
onset_times,61.95083900226757
onset_times,62.09015873015873
onset_times,62.22947845804989
onset_times,62.368798185941046
onset_times,62.415238095238095
onset_times,62.69387755102041
onset_times,62.83319727891156
onset_times,62.97251700680272
onset_times,63.111836734693874
onset_times,63.297596371882086
onset_times,63.43691609977324
onset_times,63.5762358276644
onset_times,63.76199546485261
onset_times,64.04063492063491
onset_times,64.17995464852608
onset_times,64.31927437641724
onset_times,64.45859410430839
onset_times,64.50503401360544
onset_times,64.6443537414966
onset_times,64.78367346938775
onset_times,65.06231292517006
onset_times,65.24807256235827
onset_times,65.38739229024944
onset_times,65.52671201814059
onset_times,65.66603174603175
onset_times,65.7124716553288
onset_times,65.85179138321996
onset_times,65.99111111111111
onset_times,66.13043083900227
onset_times,66.26975056689342
onset_times,66.45551020408163
onset_times,66.59482993197278
onset_times,66.73414965986395
onset_times,66.87346938775511
onset_times,67.0592290249433
onset_times,67.19854875283447
onset_times,67.47718820861678
onset_times,67.61650793650794
onset_times,67.80226757369614
onset_times,67.9415873015873
onset_times,68.08090702947845
onset_times,68.40598639455783
onset_times,68.54530612244898
onset_times,68.68462585034014
onset_times,69.0097052154195
onset_times,69.28834467120181
onset_times,69.42766439909298
onset_times,69.56698412698412
onset_times,69.61342403628117
onset_times,69.89206349206349
onset_times,70.03138321995465
onset_times,70.17070294784581
onset_times,70.49578231292517
onset_times,70.63510204081632
onset_times,70.77442176870748
onset_times,71.23882086167801
onset_times,71.37814058956916
onset_times,71.70321995464853
onset_times,71.84253968253968
onset_times,71.98185941043084
onset_times,72.12117913832199
onset_times,72.3069387755102
onset_times,72.44625850340137
onset_times,72.58557823129252
onset_times,72.86421768707483
onset_times,73.04997732426304
onset_times,73.18929705215419
onset_times,73.32861678004535
onset_times,73.46793650793651
onset_times,73.65369614512471
onset_times,73.79301587301588
onset_times,73.93233560090702
onset_times,74.07165532879819
onset_times,74.21097505668934
onset_times,74.39673469387755
onset_times,74.67537414965986
onset_times,74.81469387755102
onset_times,75.00045351473923
onset_times,75.13977324263038
onset_times,75.27909297052155
onset_times,75.60417233560091
onset_times,75.74349206349207
onset_times,75.88281179138322
onset_times,76.02213151927438
onset_times,76.20789115646258
onset_times,76.48653061224489
onset_times,76.81160997732427
onset_times,76.95092970521542
onset_times,77.09024943310658
onset_times,77.22956916099773
onset_times,77.36888888888889
onset_times,77.69396825396825
onset_times,77.83328798185941
onset_times,77.97260770975056
onset_times,78.15836734693877
onset_times,78.29768707482994
onset_times,78.57632653061225
onset_times,78.90140589569161
onset_times,79.04072562358277
onset_times,79.18004535147392
onset_times,79.45868480725623
onset_times,79.64444444444445
onset_times,79.7837641723356
onset_times,80.06240362811792
onset_times,80.10884353741497
onset_times,80.24816326530612
onset_times,80.38748299319728
onset_times,80.52680272108843
onset_times,80.66612244897959
onset_times,80.99120181405895
onset_times,81.13052154195012
onset_times,81.26984126984127
onset_times,81.45560090702948
onset_times,81.59492063492064
onset_times,81.87356009070295
onset_times,82.05931972789115
onset_times,82.19863945578231
onset_times,82.33795918367348
onset_times,82.47727891156462
onset_times,82.61659863945579
onset_times,82.80235827664399
onset_times,82.94167800453515
onset_times,83.0809977324263
onset_times,83.22031746031746
onset_times,83.35963718820862
onset_times,83.40607709750567
onset_times,83.54539682539682
onset_times,83.68471655328798
onset_times,83.82403628117913
onset_times,83.9633560090703
onset_times,84.00979591836735
onset_times,84.28843537414966
onset_times,84.42775510204082
onset_times,84.56707482993197
onset_times,84.89215419501134
onset_times,85.03147392290249
onset_times,85.17079365079366
onset_times,85.49587301587302
onset_times,85.63519274376418
onset_times,85.77451247165533
onset_times,86.05315192743764
onset_times,86.09959183673469
onset_times,86.23891156462585
onset_times,86.378231292517
onset_times,86.70331065759638
onset_times,86.84263038548752
onset_times,86.98195011337869
onset_times,87.260589569161
onset_times,87.30702947845805
onset_times,87.44634920634921
onset_times,87.58566893424036
onset_times,87.72498866213152
onset_times,87.86430839002267
onset_times,88.05006802721088
onset_times,88.18938775510205
onset_times,88.3287074829932
onset_times,88.46802721088436
onset_times,88.65378684807256
onset_times,88.79310657596372
onset_times,89.07174603174603
onset_times,89.2110657596372
onset_times,89.39682539682539
onset_times,89.6754648526077
onset_times,90.00054421768708
onset_times,90.13986394557823
onset_times,90.27918367346939
onset_times,90.60426303854875
onset_times,90.74358276643991
onset_times,90.88290249433106
onset_times,91.20798185941042
onset_times,91.48662131519275
onset_times,91.6259410430839
onset_times,91.81170068027211
onset_times,92.09034013605442
onset_times,92.36897959183673
onset_times,92.55473922902495
onset_times,92.6940589569161
onset_times,92.78693877551021
onset_times,92.9726984126984
onset_times,93.29777777777778
onset_times,93.43709750566893
onset_times,93.5764172335601
onset_times,93.8550566893424
onset_times,93.90149659863945
onset_times,94.04081632653062
onset_times,94.18013605442177
onset_times,94.31945578231293
onset_times,94.50521541950113
onset_times,94.64453514739229
onset_times,94.78385487528345
onset_times,94.9231746031746
onset_times,95.06249433106576
onset_times,95.24825396825396
onset_times,95.38757369614513
onset_times,95.66621315192744
onset_times,95.85197278911565
onset_times,95.9912925170068
onset_times,96.45569160997732
onset_times,96.59501133786848
onset_times,96.8736507936508
onset_times,97.05941043083901
onset_times,97.19873015873016
onset_times,97.33804988662132
onset_times,97.47736961451247
onset_times,97.80244897959183
onset_times,97.94176870748299
onset_times,98.08108843537416
onset_times,98.2204081632653
onset_times,98.40616780045352
onset_times,98.68480725623583
onset_times,98.82412698412699
onset_times,98.96344671201814
onset_times,99.00988662131519
onset_times,99.2885260770975
onset_times,99.42784580498866
onset_times,99.56716553287981
onset_times,99.89224489795919
onset_times,100.03156462585034
onset_times,100.1708843537415
onset_times,100.49596371882086
onset_times,100.63528344671202
onset_times,100.77460317460317
onset_times,101.09968253968253
onset_times,101.2390022675737
onset_times,101.37832199546486
onset_times,101.65696145124717
onset_times,101.70340136054422
onset_times,101.84272108843537
onset_times,101.98204081632653
onset_times,102.1213605442177
onset_times,102.26068027210884
onset_times,102.4
onset_times,102.5857596371882
onset_times,102.72507936507937
onset_times,102.86439909297052
onset_times,103.05015873015873
onset_times,103.18947845804989
onset_times,103.4681179138322
onset_times,103.60743764172335
onset_times,103.65387755102041
onset_times,103.79319727891156
onset_times,103.93251700680273
onset_times,104.07183673469387
onset_times,104.39691609977324
onset_times,104.5362358276644
onset_times,104.67555555555556
onset_times,104.86131519274376
onset_times,105.00063492063492
onset_times,105.13995464852607
onset_times,105.27927437641723
onset_times,105.6043537414966
onset_times,105.8829931972789
onset_times,106.02231292517007
onset_times,106.20807256235828
onset_times,106.34739229024943
onset_times,106.4867120181406
onset_times,106.81179138321995
onset_times,106.95111111111112
onset_times,107.09043083900227
onset_times,107.36907029478458
onset_times,107.55482993197279
onset_times,107.69414965986394
onset_times,107.8334693877551
onset_times,107.97278911564626
onset_times,108.29786848072563
onset_times,108.43718820861677
onset_times,108.57650793650794
onset_times,108.85514739229025
onset_times,108.9015873015873
onset_times,109.04090702947846
onset_times,109.18022675736961
onset_times,109.64462585034013
onset_times,109.7839455782313
onset_times,110.10902494331066
onset_times,110.24834467120182
onset_times,110.38766439909297
onset_times,110.66630385487528
onset_times,110.8520634920635
onset_times,110.99138321995464
onset_times,111.27002267573697
onset_times,111.59510204081633
onset_times,111.73442176870748
onset_times,111.87374149659864
onset_times,112.198820861678
onset_times,112.33814058956916
onset_times,112.47746031746031
onset_times,112.80253968253969
onset_times,113.081179138322
onset_times,113.22049886621315
onset_times,113.40625850340136
onset_times,113.54557823129252
onset_times,113.68489795918367
onset_times,114.00997732426303
onset_times,114.1492970521542
onset_times,114.28861678004534
onset_times,114.42793650793651
onset_times,114.56725623582767
onset_times,114.61369614512472
onset_times,114.75301587301587
onset_times,114.89233560090703
onset_times,115.17097505668934
onset_times,115.44961451247165
onset_times,115.4960544217687
onset_times,115.63537414965987
onset_times,115.77469387755102
onset_times,115.91401360544218
onset_times,116.09977324263039
onset_times,116.3784126984127
onset_times,116.5641723356009
onset_times,116.84281179138323
onset_times,116.98213151927438
onset_times,117.12145124716554
onset_times,117.26077097505669
onset_times,117.30721088435374
onset_times,117.4465306122449
onset_times,117.58585034013605
onset_times,117.91092970521542
onset_times,118.05024943310657
onset_times,118.18956916099773
onset_times,118.46820861678005
onset_times,118.5146485260771
onset_times,118.65396825396826
onset_times,118.79328798185941
onset_times,118.97904761904762
onset_times,119.25768707482993
onset_times,119.3970068027211
onset_times,119.8614058956916
onset_times,120.00072562358277
onset_times,120.41868480725624
onset_times,120.46512471655329
onset_times,120.55800453514739
onset_times,120.60444444444444
onset_times,120.88308390022675
onset_times,121.16172335600908
onset_times,121.62612244897959
onset_times,121.76544217687075
onset_times,122.09052154195011
onset_times,122.36916099773242
onset_times,122.6942403628118
onset_times,122.83356009070295
onset_times,122.97287981859411
onset_times,123.29795918367347
onset_times,123.57659863945578
onset_times,123.762358276644
onset_times,123.90167800453514
onset_times,124.0409977324263
onset_times,124.18031746031745
onset_times,124.45895691609978
onset_times,124.59827664399093
onset_times,124.78403628117914
onset_times,125.2019954648526
onset_times,125.24843537414966
onset_times,125.38775510204081
onset_times,125.71283446712017
onset_times,125.85215419501134
onset_times,125.9914739229025
onset_times,126.45587301587301
onset_times,126.59519274376417
onset_times,127.0595918367347
onset_times,127.19891156462585
onset_times,127.52399092970522
onset_times,127.75619047619048
onset_times,127.80263038548753
onset_times,128.08126984126983
onset_times,128.26702947845806
onset_times,128.35990929705216
onset_times,128.4063492063492
onset_times,128.54566893424035
onset_times,128.73142857142858
onset_times,128.96362811791383
onset_times,129.01006802721088
onset_times,129.14938775510205
onset_times,129.2887074829932
onset_times,129.42802721088435
onset_times,129.5673469387755
onset_times,129.84598639455783
onset_times,129.98530612244897
onset_times,130.1710657596372
onset_times,130.49614512471655
onset_times,130.77478458049887
onset_times,131.2391836734694
onset_times,131.37850340136055
onset_times,131.70358276643992
onset_times,131.98222222222222
onset_times,132.44662131519274
onset_times,132.5859410430839
onset_times,132.86458049886622
onset_times,132.91102040816327
onset_times,133.18965986394556
onset_times,133.4682993197279
onset_times,133.6540589569161
onset_times,133.79337868480727
onset_times,133.97913832199546
onset_times,134.39709750566894
onset_times,134.8150566893424
onset_times,134.86149659863946
onset_times,135.0008163265306
onset_times,135.27945578231294
onset_times,135.60453514739228
onset_times,135.74385487528346
onset_times,136.02249433106576
onset_times,136.1618140589569
onset_times,136.34757369614513
onset_times,136.48689342403628
onset_times,136.7655328798186
onset_times,137.2299319727891
onset_times,137.36925170068028
onset_times,137.69433106575963
onset_times,137.97297052154195
onset_times,138.1122902494331
onset_times,138.29804988662133
onset_times,138.43736961451248
onset_times,138.57668934240363
onset_times,138.901768707483
onset_times,139.04108843537415
onset_times,139.1804081632653
onset_times,139.64480725623582
onset_times,139.78412698412697
onset_times,140.0627664399093
onset_times,140.10920634920635
onset_times,140.2485260770975
onset_times,140.38784580498867
onset_times,140.52716553287982
onset_times,140.66648526077097
onset_times,140.8522448979592
onset_times,140.99156462585034
onset_times,141.27020408163264
onset_times,141.59528344671202
onset_times,142.0132426303855
onset_times,142.05968253968254
onset_times,142.1990022675737
onset_times,142.47764172335602
onset_times,142.80272108843536
onset_times,142.94204081632654
onset_times,143.22068027210884
onset_times,143.36
onset_times,143.40643990929706
onset_times,143.68507936507936
onset_times,143.8243990929705
onset_times,143.9637188208617
onset_times,144.28879818594103
onset_times,144.4281179138322
onset_times,144.56743764172336
onset_times,144.75319727891156
onset_times,144.89251700680273
onset_times,145.17115646258503
onset_times,145.35691609977323
onset_times,145.4962358276644
onset_times,145.63555555555556
onset_times,145.7748752834467
onset_times,145.96063492063493
onset_times,146.05351473922903
onset_times,146.19283446712018
onset_times,146.37859410430838
onset_times,146.8429931972789
onset_times,146.98231292517008
onset_times,147.26095238095238
onset_times,147.30739229024942
onset_times,147.4467120181406
onset_times,147.58603174603175
onset_times,147.7253514739229
onset_times,148.05043083900227
onset_times,148.18975056689342
onset_times,148.65414965986395
onset_times,148.7934693877551
onset_times,149.11854875283447
onset_times,149.25786848072562
onset_times,149.39718820861677
onset_times,149.6758276643991
onset_times,149.8615873015873
onset_times,150.00090702947847
onset_times,150.14022675736962
onset_times,150.5581859410431
onset_times,150.60462585034014
onset_times,150.7439455782313
onset_times,150.88326530612244
onset_times,151.02258503401362
onset_times,151.20834467120181
onset_times,151.6263038548753
onset_times,151.76562358276644
onset_times,152.0907029478458
onset_times,152.3693424036281
onset_times,152.55510204081634
onset_times,152.83374149659863
onset_times,152.97306122448978
onset_times,153.29814058956916
onset_times,153.4374603174603
onset_times,153.57678004535148
onset_times,154.041179138322
onset_times,154.18049886621316
onset_times,154.45913832199545
onset_times,154.5055782312925
onset_times,154.64489795918368
onset_times,154.78421768707483
onset_times,155.1092970521542
onset_times,155.24861678004535
onset_times,155.3879365079365
onset_times,155.52725623582765
onset_times,155.85233560090703
onset_times,155.99165532879817
onset_times,156.4560544217687
onset_times,156.59537414965988
onset_times,156.87401360544217
onset_times,157.01333333333332
onset_times,157.19909297052155
onset_times,157.3384126984127
onset_times,157.61705215419502
onset_times,157.75637188208617
onset_times,157.80281179138322
onset_times,158.08145124716555
onset_times,158.26721088435374
onset_times,158.4065306122449
onset_times,158.82448979591837
onset_times,158.96380952380952
onset_times,159.2888888888889
onset_times,159.5675283446712
onset_times,159.89260770975056
onset_times,160.0319274376417
onset_times,160.1712471655329
onset_times,160.49632653061224
onset_times,160.6356462585034
onset_times,160.77496598639456
onset_times,161.2393650793651
onset_times,161.37868480725623
onset_times,161.65732426303856
onset_times,161.7037641723356
onset_times,161.9824036281179
onset_times,162.58612244897958
onset_times,162.8647619047619
onset_times,162.91120181405896
onset_times,163.18984126984128
onset_times,163.6542403628118
onset_times,163.79356009070295
onset_times,164.07219954648525
onset_times,164.39727891156463
onset_times,164.53659863945578
onset_times,164.8152380952381
onset_times,165.0009977324263
onset_times,165.27963718820862
onset_times,165.55827664399092
onset_times,165.60471655328797
onset_times,165.8833560090703
onset_times,166.02267573696145
onset_times,166.1619954648526
onset_times,166.20843537414967
onset_times,166.48707482993197
onset_times,166.7657142857143
onset_times,166.9514739229025
onset_times,167.09079365079364
onset_times,167.23011337868482
onset_times,167.36943310657597
onset_times,167.69451247165532
onset_times,167.97315192743764
onset_times,168.43755102040816
onset_times,168.5768707482993
onset_times,168.85551020408164
onset_times,168.9019501133787
onset_times,169.180589569161
onset_times,169.50566893424036
onset_times,169.6449886621315
onset_times,169.7843083900227
onset_times,169.92362811791384
onset_times,170.10938775510203
onset_times,170.2487074829932
onset_times,170.38802721088436
onset_times,170.7131065759637
onset_times,170.85242630385488
onset_times,170.99174603174603
onset_times,171.27038548752836
onset_times,171.5954648526077
onset_times,171.73478458049885
onset_times,172.19918367346938
onset_times,172.4778231292517
onset_times,172.6635827664399
onset_times,172.80290249433108
onset_times,173.17442176870748
onset_times,173.3601814058957
onset_times,173.68526077097505
onset_times,173.96390022675737
onset_times,174.01034013605442
onset_times,174.56761904761905
onset_times,174.75337868480725
onset_times,174.89269841269842
onset_times,175.17133786848072
onset_times,175.4964172335601
onset_times,175.63573696145124
onset_times,175.7750566893424
onset_times,176.10013605442177
onset_times,176.3787755102041
onset_times,176.6574149659864
onset_times,176.70385487528344
onset_times,176.84317460317462
onset_times,176.98249433106577
onset_times,177.26113378684806
onset_times,177.58621315192744
onset_times,177.86485260770976
onset_times,178.05061224489796
onset_times,178.1899319727891
onset_times,178.46857142857144
onset_times,178.79365079365078
onset_times,178.93297052154196
onset_times,179.0722902494331
onset_times,179.21160997732426
onset_times,179.39736961451248
onset_times,179.67600907029478
onset_times,179.86176870748298
onset_times,180.00108843537416
onset_times,180.27972789115645
onset_times,180.41904761904763
onset_times,180.60480725623583
onset_times,180.88344671201813
onset_times,181.2085260770975
onset_times,181.48716553287983
onset_times,181.62648526077098
onset_times,181.76580498866213
onset_times,182.0908843537415
onset_times,182.3695238095238
onset_times,182.69460317460317
onset_times,182.83392290249432
onset_times,182.9732426303855
onset_times,183.29832199546485
onset_times,183.43764172335602
onset_times,183.57696145124717
onset_times,183.85560090702947
onset_times,184.0413605442177
onset_times,184.18068027210884
onset_times,184.45931972789117
onset_times,184.50575963718822
onset_times,184.78439909297052
onset_times,185.06303854875284
onset_times,185.24879818594104
onset_times,185.3881179138322
onset_times,185.66675736961452
onset_times,185.9918367346939
onset_times,186.13115646258504
onset_times,186.2704761904762
onset_times,186.4562358276644
onset_times,186.59555555555556
onset_times,186.87419501133786
onset_times,187.19927437641724
onset_times,187.47791383219953
onset_times,187.6172335600907
onset_times,187.8029931972789
onset_times,187.94231292517006
onset_times,188.08163265306123
onset_times,188.36027210884353
onset_times,188.40671201814058
onset_times,188.54603174603176
onset_times,188.6853514739229
onset_times,188.82467120181406
onset_times,188.9639909297052
onset_times,189.01043083900225
onset_times,189.28907029478458
onset_times,189.5677097505669
onset_times,189.89278911564625
onset_times,190.0321088435374
onset_times,190.17142857142858
onset_times,190.49650793650792
onset_times,190.77514739229025
onset_times,191.10022675736963
onset_times,191.23954648526077
onset_times,191.37886621315192
onset_times,191.7039455782313
onset_times,191.84326530612245
onset_times,191.9825850340136
onset_times,192.26122448979592
onset_times,192.30766439909297
onset_times,192.44698412698412
onset_times,192.5863038548753
onset_times,192.8649433106576
onset_times,192.91138321995464
onset_times,193.19002267573697
onset_times,193.6544217687075
onset_times,193.79374149659864
onset_times,193.9330612244898
onset_times,194.07238095238094
onset_times,194.25814058956917
onset_times,194.39746031746031
onset_times,194.67609977324264
onset_times,194.8154195011338
onset_times,195.001179138322
onset_times,195.2798185941043
onset_times,195.41913832199546
onset_times,195.60489795918366
onset_times,195.74421768707484
onset_times,195.88353741496599
onset_times,196.1621768707483
onset_times,196.20861678004536
onset_times,196.48725623582766
onset_times,196.76589569160998
onset_times,196.81233560090703
onset_times,197.09097505668933
onset_times,197.2302947845805
onset_times,197.36961451247166
onset_times,197.69469387755103
onset_times,197.97333333333333
onset_times,198.2984126984127
onset_times,198.43773242630385
onset_times,198.577052154195
onset_times,198.90213151927438
onset_times,199.04145124716553
onset_times,199.1807709750567
onset_times,199.50585034013605
onset_times,199.6451700680272
onset_times,199.78448979591838
onset_times,200.06312925170067
onset_times,200.38820861678005
onset_times,200.5275283446712
onset_times,200.66684807256235
onset_times,200.85260770975057
onset_times,200.99192743764172
onset_times,201.27056689342405
onset_times,201.45632653061224
onset_times,201.5956462585034
onset_times,201.87428571428572
onset_times,202.06004535147392
onset_times,202.19936507936507
onset_times,202.4780045351474
onset_times,202.61732426303854
onset_times,202.80308390022677
onset_times,203.08172335600906
onset_times,203.2210430839002
onset_times,203.3603628117914
onset_times,203.40680272108844
onset_times,203.5461224489796
onset_times,203.68544217687074
onset_times,203.8247619047619
onset_times,203.96408163265306
onset_times,204.0105215419501
onset_times,204.28916099773244
onset_times,204.4284807256236
onset_times,204.56780045351474
onset_times,204.8928798185941
onset_times,205.03219954648526
onset_times,205.1715192743764
onset_times,205.35727891156463
onset_times,205.49659863945578
onset_times,205.63591836734693
onset_times,205.7752380952381
onset_times,206.10031746031746
onset_times,206.2396371882086
onset_times,206.37895691609978
onset_times,206.65759637188208
onset_times,206.8433560090703
onset_times,206.98267573696145
onset_times,207.26131519274375
onset_times,207.30775510204083
onset_times,207.58639455782313
onset_times,207.72571428571428
onset_times,208.05079365079365
onset_times,208.1901133786848
onset_times,208.46875283446713
onset_times,208.51519274376417
onset_times,208.79383219954647
onset_times,209.0724716553288
onset_times,209.258231292517
onset_times,209.39755102040817
onset_times,209.67619047619047
onset_times,210.00126984126985
onset_times,210.140589569161
onset_times,210.27990929705214
onset_times,210.41922902494332
onset_times,210.60498866213152
onset_times,210.88362811791384
onset_times,211.16226757369614
onset_times,211.2087074829932
onset_times,211.48734693877552
onset_times,211.62666666666667
onset_times,211.7659863945578
onset_times,212.0910657596372
onset_times,212.36970521541951
onset_times,212.69478458049886
onset_times,212.9734240362812
onset_times,213.15918367346939
onset_times,213.29850340136053
onset_times,213.4378231292517
onset_times,213.57714285714286
onset_times,213.85578231292516
onset_times,213.90222222222224
onset_times,214.04154195011338
onset_times,214.18086167800453
onset_times,214.45950113378686
onset_times,214.5059410430839
onset_times,214.7845804988662
onset_times,214.97034013605443
onset_times,215.10965986394558
onset_times,215.24897959183673
onset_times,215.38829931972788
onset_times,215.6669387755102
onset_times,215.71337868480725
onset_times,215.8526984126984
onset_times,215.99201814058958
onset_times,216.27065759637188
onset_times,216.40997732426302
onset_times,216.4564172335601
onset_times,216.59573696145125
onset_times,216.87437641723355
onset_times,217.01369614512473
onset_times,217.19945578231292
onset_times,217.33877551020407
onset_times,217.47809523809525
onset_times,217.8031746031746
onset_times,218.08181405895692
onset_times,218.40689342403627
onset_times,218.6855328798186
onset_times,218.82485260770974
onset_times,218.96417233560092
onset_times,219.28925170068027
onset_times,219.42857142857142
onset_times,219.5678911564626
onset_times,219.7536507936508
onset_times,219.89297052154194
onset_times,220.03229024943312
onset_times,220.17160997732427
onset_times,220.35736961451246
onset_times,220.49668934240364
onset_times,220.77532879818594
onset_times,221.1004081632653
onset_times,221.23972789115646
onset_times,221.3790476190476
onset_times,221.65768707482994
onset_times,221.704126984127
onset_times,221.98276643990928
onset_times,222.4471655328798
onset_times,222.58648526077098
onset_times,222.72580498866213
onset_times,222.86512471655328
onset_times,222.91156462585033
onset_times,223.0508843537415
onset_times,223.19020408163266
onset_times,223.46884353741495
onset_times,223.65460317460318
onset_times,223.79392290249433
onset_times,224.07256235827666
onset_times,224.2118820861678
onset_times,224.397641723356
onset_times,224.67628117913833
onset_times,224.72272108843538
onset_times,225.00136054421768
onset_times,225.28
onset_times,225.60507936507938
onset_times,225.88371882086167
onset_times,226.02303854875282
onset_times,226.162358276644
onset_times,226.20879818594105
onset_times,226.48743764172335
onset_times,226.62675736961452
onset_times,226.76607709750567
onset_times,226.95183673469387
onset_times,227.09115646258505
onset_times,227.36979591836734
onset_times,227.69487528344672
onset_times,227.83419501133787
onset_times,227.97351473922902
onset_times,228.2985941043084
onset_times,228.43791383219954
onset_times,228.5772335600907
onset_times,228.85587301587302
onset_times,228.90231292517007
onset_times,229.1809523809524
onset_times,229.32027210884354
onset_times,229.64535147392291
onset_times,229.78467120181406
onset_times,230.06331065759636
onset_times,230.1097505668934
onset_times,230.2490702947846
onset_times,230.38839002267574
onset_times,230.66702947845806
onset_times,230.7134693877551
onset_times,230.85278911564626
onset_times,230.9921088435374
onset_times,231.27074829931973
onset_times,231.59582766439908
onset_times,231.8744671201814
onset_times,232.0602267573696
onset_times,232.19954648526078
onset_times,232.33886621315193
onset_times,232.47818594104308
onset_times,232.80326530612246
onset_times,233.08190476190475
onset_times,233.22122448979593
onset_times,233.36054421768708
onset_times,233.40698412698413
onset_times,233.68562358276645
onset_times,233.96426303854875
onset_times,234.15002267573695
onset_times,234.28934240362813
onset_times,234.56798185941042
onset_times,234.8930612244898
onset_times,235.03238095238095
onset_times,235.1717006802721
onset_times,235.49678004535147
onset_times,235.63609977324262
onset_times,235.7754195011338
onset_times,236.10049886621314
onset_times,236.23981859410432
onset_times,236.37913832199547
onset_times,236.56489795918367
onset_times,236.843537414966
onset_times,236.98285714285714
onset_times,237.30793650793652
onset_times,237.44725623582767
onset_times,237.58657596371881
onset_times,237.86521541950114
onset_times,238.1902947845805
onset_times,238.4689342403628
onset_times,238.654693877551
onset_times,238.7940136054422
onset_times,238.93333333333334
onset_times,239.07265306122449
onset_times,239.2584126984127
onset_times,239.39773242630386
onset_times,239.67637188208616
onset_times,239.86213151927439
onset_times,240.00145124716553
onset_times,240.46585034013606
onset_times,240.6051700680272
onset_times,240.88380952380953
onset_times,241.20888888888888
onset_times,241.4875283446712
onset_times,241.62684807256235
onset_times,241.81260770975058
onset_times,241.95192743764173
onset_times,242.09124716553288
onset_times,242.23056689342403
onset_times,242.3698866213152
onset_times,242.69496598639455
onset_times,242.83428571428573
onset_times,242.97360544217688
onset_times,243.25224489795917
onset_times,243.29868480725622
onset_times,243.57732426303855
onset_times,243.76308390022675
onset_times,244.04172335600907
onset_times,244.18104308390022
onset_times,244.5061224489796
onset_times,244.64544217687074
onset_times,244.7847619047619
onset_times,245.10984126984127
onset_times,245.24916099773242
onset_times,245.3884807256236
onset_times,245.6671201814059
onset_times,245.71356009070294
onset_times,245.85287981859412
onset_times,245.99219954648527
onset_times,246.3172789115646
onset_times,246.4565986394558
onset_times,246.59591836734694
onset_times,246.87455782312927
onset_times,247.06031746031746
onset_times,247.1996371882086
onset_times,247.80335600907028
onset_times,248.0819954648526
onset_times,248.407074829932
onset_times,248.54639455782313
onset_times,248.68571428571428
onset_times,248.9643537414966
onset_times,249.28943310657596
onset_times,249.42875283446713
onset_times,249.56807256235828
onset_times,249.89315192743763
onset_times,250.0324716553288
onset_times,250.17179138321995
onset_times,250.49687074829933
onset_times,250.63619047619048
onset_times,250.77551020408163
onset_times,251.23990929705215
onset_times,251.3792290249433
onset_times,251.70430839002267
onset_times,251.84362811791382
onset_times,251.982947845805
onset_times,252.30802721088435
onset_times,252.4473469387755
onset_times,252.58666666666667
onset_times,252.91174603174602
onset_times,253.0510657596372
onset_times,253.19038548752835
onset_times,253.51546485260772
onset_times,253.65478458049887
onset_times,253.79410430839002
onset_times,254.07274376417234
onset_times,254.3978231292517
onset_times,254.81578231292517
onset_times,255.0015419501134
onset_times,255.2801814058957
onset_times,255.60526077097506
onset_times,256.02321995464854
onset_times,256.20897959183674
onset_times,256.48761904761903
onset_times,256.6269387755102
onset_times,256.7662585034014
onset_times,256.8126984126984
onset_times,257.0913378684807
onset_times,257.2306575963719
onset_times,257.36997732426306
onset_times,257.6950566893424
onset_times,257.83437641723356
onset_times,257.97369614512473
onset_times,258.15945578231293
onset_times,258.43809523809523
onset_times,258.5774149659864
onset_times,258.7631746031746
onset_times,258.9024943310658
onset_times,259.0418140589569
onset_times,259.1811337868481
onset_times,259.4597732426304
onset_times,259.6455328798186
onset_times,259.78485260770975
onset_times,260.06349206349205
onset_times,260.1099319727891
onset_times,260.24925170068025
onset_times,260.3885714285714
onset_times,260.852970521542
onset_times,260.9922902494331
onset_times,261.2709297052154
onset_times,261.45668934240365
onset_times,261.59600907029477
onset_times,261.8746485260771
onset_times,262.01396825396824
onset_times,262.19972789115644
onset_times,262.4783673469388
onset_times,262.8034467120181
onset_times,263.08208616780047
onset_times,263.2214058956916
onset_times,263.40716553287984
onset_times,263.54648526077096
onset_times,263.68580498866214
onset_times,263.96444444444444
onset_times,264.0108843537415
onset_times,264.2895238095238
onset_times,264.428843537415
onset_times,264.5681632653061
onset_times,264.6146031746032
onset_times,264.8932426303855
onset_times,265.1718820861678
onset_times,265.357641723356
onset_times,265.63628117913834
onset_times,265.77560090702946
onset_times,266.10068027210883
onset_times,266.24
onset_times,266.37931972789113
onset_times,266.7043990929705
onset_times,266.8437188208617
onset_times,266.98303854875286
onset_times,267.26167800453516
onset_times,267.3081179138322
onset_times,267.44743764172335
onset_times,267.58675736961453
onset_times,267.72607709750565
onset_times,267.91183673469385
onset_times,268.051156462585
onset_times,268.1904761904762
onset_times,268.4691156462585
onset_times,268.6548752834467
onset_times,268.7941950113379
onset_times,269.2585941043084
onset_times,269.39791383219955
onset_times,269.67655328798185
onset_times,269.86231292517004
onset_times,270.0016326530612
onset_times,270.2802721088435
onset_times,270.6053514739229
onset_times,270.8839909297052
onset_times,271.02331065759637
onset_times,271.16263038548755
onset_times,271.20907029478457
onset_times,271.4877097505669
onset_times,271.62702947845804
onset_times,271.7663492063492
onset_times,272.0914285714286
onset_times,272.3700680272109
onset_times,272.5558276643991
onset_times,272.69514739229027
onset_times,272.8344671201814
onset_times,272.97378684807256
onset_times,273.29886621315194
onset_times,273.43818594104306
onset_times,273.57750566893424
onset_times,273.9025850340136
onset_times,274.0419047619048
onset_times,274.1812244897959
onset_times,274.5063038548753
onset_times,274.64562358276646
onset_times,274.7849433106576
onset_times,274.9707029478458
onset_times,275.24934240362813
onset_times,275.38866213151925
onset_times,275.6673015873016
onset_times,275.9923809523809
onset_times,276.2710204081633
onset_times,276.4103401360544
onset_times,276.59609977324266
onset_times,276.87473922902495
onset_times,277.06049886621315
onset_times,277.19981859410433
onset_times,277.33913832199545
onset_times,277.4784580498866
onset_times,277.803537414966
onset_times,278.0821768707483
onset_times,278.2679365079365
onset_times,278.4072562358277
onset_times,278.68589569160997
onset_times,278.96453514739227
onset_times,279.01097505668935
onset_times,279.28961451247164
onset_times,279.4289342403628
onset_times,279.56825396825394
onset_times,279.7540136054422
onset_times,280.17197278911567
onset_times,280.35773242630387
onset_times,280.497052154195
onset_times,280.63637188208617
onset_times,280.77569160997734
onset_times,281.05433106575964
onset_times,281.24009070294784
onset_times,281.379410430839
onset_times,281.6580498866213
onset_times,281.7044897959184
onset_times,281.8438095238095
onset_times,281.9831292517007
onset_times,282.4475283446712
onset_times,282.58684807256236
onset_times,282.91192743764174
onset_times,283.05124716553286
onset_times,283.19056689342403
onset_times,283.65496598639453
onset_times,283.7942857142857
onset_times,284.072925170068
onset_times,284.3980045351474
onset_times,284.67664399092973
onset_times,285.00172335600905
onset_times,285.6054421768707
onset_times,285.8840816326531
onset_times,286.0234013605442
onset_times,286.20916099773245
onset_times,286.48780045351475
onset_times,286.76643990929705
onset_times,286.95219954648525
onset_times,287.2308390022676
onset_times,287.3701587301587
onset_times,287.6952380952381
onset_times,287.8345578231293
onset_times,287.9738775510204
onset_times,288.29895691609977
onset_times,288.43827664399095
onset_times,288.57759637188207
onset_times,288.90267573696144
onset_times,289.0419954648526
onset_times,289.18131519274374
onset_times,289.5063945578231
onset_times,289.78503401360547
onset_times,290.1101133786848
onset_times,290.24943310657596
onset_times,290.38875283446714
onset_times,290.85315192743764
onset_times,290.9924716553288
onset_times,291.2711111111111
onset_times,291.4568707482993
onset_times,291.5961904761905
onset_times,291.8748299319728
onset_times,292.19990929705216
onset_times,292.47854875283446
onset_times,292.61786848072563
onset_times,292.80362811791383
onset_times,293.08226757369613
onset_times,293.2680272108843
onset_times,293.4073469387755
onset_times,293.6859863945578
onset_times,294.0110657596372
onset_times,294.42902494331065
onset_times,294.5683446712018
onset_times,294.61478458049885
onset_times,294.8934240362812
onset_times,295.0327437641723
onset_times,295.1720634920635
onset_times,295.4971428571429
onset_times,295.636462585034
onset_times,295.7757823129252
onset_times,296.10086167800455
onset_times,296.24018140589567
onset_times,296.37950113378685
onset_times,296.7045804988662
onset_times,296.84390022675734
onset_times,296.9832199546485
onset_times,297.2618594104308
onset_times,297.5869387755102
onset_times,298.05133786848074
onset_times,298.19065759637186
onset_times,298.4692970521542
onset_times,298.79437641723354
onset_times,299.2587755102041
onset_times,299.39809523809527
onset_times,299.67673469387756
onset_times,300.00181405895694
onset_times,300.6055328798186
onset_times,300.8841723356009
onset_times,301.2092517006803
onset_times,301.3485714285714
onset_times,301.81297052154196
onset_times,302.09160997732425
onset_times,302.23092970521543
onset_times,302.37024943310655
onset_times,302.41668934240363
onset_times,302.6488888888889
onset_times,302.9739682539683
onset_times,303.2990476190476
onset_times,303.4383673469388
onset_times,303.57768707482995
onset_times,304.04208616780045
onset_times,304.1814058956916
onset_times,304.506485260771
onset_times,304.6458049886621
onset_times,304.7851247165533
onset_times,305.2495238095238
onset_times,305.38884353741497
onset_times,305.66748299319727
onset_times,305.71392290249435
onset_times,305.99256235827664
onset_times,306.1318820861678
onset_times,306.27120181405894
onset_times,306.45696145124714
onset_times,306.5962811791383
onset_times,306.7356009070295
onset_times,307.2
onset_times,307.4786394557823
onset_times,307.61795918367346
onset_times,307.66439909297054
onset_times,307.80371882086166
onset_times,308.082358276644
onset_times,308.40743764172333
onset_times,308.5467573696145
onset_times,308.8253968253968
onset_times,308.964716553288
onset_times,309.10403628117916
onset_times,309.28979591836736
onset_times,309.56843537414966
onset_times,309.89351473922903
onset_times,310.03283446712015
onset_times,310.17215419501133
onset_times,310.4972335600907
onset_times,310.6365532879819
onset_times,310.775873015873
onset_times,311.1009523809524
onset_times,311.24027210884356
onset_times,311.3795918367347
onset_times,311.70467120181405
onset_times,311.8439909297052
onset_times,311.98331065759635
onset_times,312.4477097505669
onset_times,312.5870294784581
onset_times,312.9121088435374
onset_times,313.0514285714286
onset_times,313.19074829931975
onset_times,313.46938775510205
onset_times,313.6087074829932
onset_times,313.7944671201814
onset_times,313.93378684807254
onset_times,314.0731065759637
onset_times,314.3981859410431
onset_times,314.5375056689342
onset_times,314.6768253968254
onset_times,314.81614512471657
onset_times,315.00190476190477
onset_times,315.28054421768707
onset_times,315.60562358276644
onset_times,316.0235827664399
onset_times,316.1629024943311
onset_times,316.2093424036281
onset_times,316.4879818594104
onset_times,316.76662131519276
onset_times,317.0917006802721
onset_times,317.23102040816326
onset_times,317.37034013605444
onset_times,317.6954195011338
onset_times,317.83473922902493
onset_times,317.9740589569161
onset_times,318.2991383219955
onset_times,318.4384580498866
onset_times,318.5777777777778
onset_times,318.763537414966
onset_times,318.8564172335601
onset_times,318.90285714285716
onset_times,319.1350566893424
onset_times,319.18149659863946
onset_times,319.46013605442175
onset_times,319.59945578231293
onset_times,319.64589569160995
onset_times,319.7852154195011
onset_times,320.0638548752834
onset_times,320.1102947845805
onset_times,320.2496145124717
onset_times,320.3889342403628
onset_times,320.85333333333335
onset_times,320.9926530612245
onset_times,321.2712925170068
onset_times,321.457052154195
onset_times,321.59637188208615
onset_times,322.0143310657596
onset_times,322.2000907029478
onset_times,322.4787301587302
onset_times,322.6180498866213
onset_times,322.80380952380955
onset_times,322.94312925170067
onset_times,323.36108843537414
onset_times,323.4075283446712
onset_times,323.6861678004535
onset_times,323.8254875283447
onset_times,323.9648072562358
onset_times,324.2898866213152
onset_times,324.42920634920637
onset_times,324.5685260770975
onset_times,324.89360544217686
onset_times,325.03292517006804
onset_times,325.17224489795916
onset_times,325.31156462585034
onset_times,325.6366439909297
onset_times,325.7759637188209
onset_times,326.1010430839002
onset_times,326.37968253968256
onset_times,326.5190022675737
onset_times,326.65832199546486
onset_times,326.84408163265306
onset_times,326.98340136054424
onset_times,327.3084807256236
onset_times,327.44780045351473
onset_times,327.5871201814059
onset_times,327.9121995464853
onset_times,328.0515192743764
onset_times,328.1908390022676
onset_times,328.33015873015876
onset_times,328.79455782312925
onset_times,329.07319727891155
onset_times,329.2125170068027
onset_times,329.3982766439909
onset_times,329.6769160997732
onset_times,329.8162358276644
onset_times,330.1413151927438
onset_times,330.4199546485261
onset_times,330.55927437641725
onset_times,330.60571428571427
onset_times,330.8843537414966
onset_times,331.02367346938775
onset_times,331.1629931972789
onset_times,331.4880725623583
onset_times,331.6273922902494
onset_times,331.7667120181406
onset_times,332.09179138321997
onset_times,332.2311111111111
onset_times,332.37043083900227
onset_times,332.69551020408164
onset_times,332.83482993197276
onset_times,332.97414965986394
onset_times,333.2992290249433
onset_times,333.4385487528345
onset_times,333.5778684807256
onset_times,333.7171882086168
onset_times,334.04226757369617
onset_times,334.1815873015873
onset_times,334.50666666666666
onset_times,334.64598639455784
onset_times,334.78530612244896
onset_times,334.92462585034014
onset_times,335.0639455782313
onset_times,335.38902494331063
onset_times,335.667664399093
onset_times,335.8069841269841
onset_times,335.99274376417236
onset_times,336.1320634920635
onset_times,336.27138321995466
onset_times,336.45714285714286
onset_times,336.59646258503403
onset_times,336.87510204081633
onset_times,337.0144217687075
onset_times,337.2001814058957
onset_times,337.3395011337868
onset_times,337.6181405895692
onset_times,337.7574603174603
onset_times,337.8039002267574
onset_times,337.9432199546485
onset_times,338.0825396825397
onset_times,338.361179138322
onset_times,338.40761904761905
onset_times,338.68625850340135
onset_times,338.8255782312925
onset_times,338.96489795918365
onset_times,339.1506575963719
onset_times,339.289977324263
onset_times,339.4292970521542
onset_times,339.5686167800454
onset_times,339.7543764172336
onset_times,339.8936961451247
onset_times,340.03301587301587
onset_times,340.17233560090705
onset_times,340.45097505668934
onset_times,340.4974149659864
onset_times,340.63673469387754
onset_times,340.72961451247164
onset_times,340.7760544217687
onset_times,341.054693877551
onset_times,341.2404535147392
onset_times,341.3797732426304
onset_times,341.6584126984127
onset_times,341.70485260770977
onset_times,341.8441723356009
onset_times,341.98349206349206
onset_times,342.12281179138324
onset_times,342.30857142857144
onset_times,342.44789115646256
onset_times,342.58721088435374
onset_times,342.7265306122449
onset_times,342.86585034013603
onset_times,343.0516099773243
onset_times,343.1909297052154
onset_times,343.3302494331066
onset_times,343.4695691609977
onset_times,343.6088888888889
onset_times,343.7946485260771
onset_times,344.07328798185944
onset_times,344.25904761904764
onset_times,344.39836734693876
onset_times,344.53768707482993
onset_times,344.6770068027211
onset_times,345.0020861678004
onset_times,345.2807256235828
onset_times,345.4200453514739
onset_times,345.60580498866216
onset_times,345.7451247165533
onset_times,345.88444444444445
onset_times,346.0237641723356
onset_times,346.16308390022675
onset_times,346.34884353741495
onset_times,346.4881632653061
onset_times,346.7668027210884
onset_times,347.0918820861678
onset_times,347.231201814059
onset_times,347.3705215419501
onset_times,347.5562811791383
onset_times,347.6956009070295
onset_times,347.83492063492065
onset_times,347.97424036281177
onset_times,348.11356009070295
onset_times,348.29931972789115
onset_times,348.4386394557823
onset_times,348.57795918367344
onset_times,348.9030385487528
onset_times,349.1816780045352
onset_times,349.36743764172337
onset_times,349.5067573696145
onset_times,349.64607709750567
onset_times,349.78539682539684
onset_times,350.06403628117914
onset_times,350.3891156462585
onset_times,350.807074829932
onset_times,350.9928344671202
onset_times,351.1321541950113
onset_times,351.2714739229025
onset_times,351.4572335600907
onset_times,351.59655328798186
onset_times,351.73587301587304
onset_times,351.87519274376416
onset_times,352.01451247165534
onset_times,352.20027210884354
onset_times,352.47891156462583
onset_times,352.7575510204082
onset_times,352.8039909297052
onset_times,352.9433106575964
onset_times,353.0826303854875
onset_times,353.2219501133787
onset_times,353.36126984126986
onset_times,353.68634920634923
onset_times,353.96498866213153
onset_times,354.15074829931973
onset_times,354.2900680272109
onset_times,354.429387755102
onset_times,354.5687074829932
onset_times,354.8937868480726
onset_times,355.0331065759637
onset_times,355.1724263038549
onset_times,355.4510657596372
onset_times,355.49750566893425
onset_times,355.6368253968254
onset_times,355.77614512471655
onset_times,356.05478458049885
onset_times,356.1012244897959
onset_times,356.2405442176871
onset_times,356.3798639455782
onset_times,356.5191836734694
onset_times,356.7049433106576
onset_times,356.8442630385488
onset_times,356.9835827664399
onset_times,357.26222222222225
onset_times,357.30866213151927
onset_times,357.44798185941045
onset_times,357.58730158730157
onset_times,357.8659410430839
onset_times,358.0517006802721
onset_times,358.19102040816324
onset_times,358.4696598639456
onset_times,358.6554195011338
onset_times,358.79473922902497
onset_times,359.1198185941043
onset_times,359.25913832199547
onset_times,359.39845804988664
onset_times,359.67709750566894
onset_times,360.0021768707483
onset_times,360.14149659863943
onset_times,360.2808163265306
onset_times,360.4201360544218
onset_times,360.5594557823129
onset_times,360.60589569161
onset_times,360.8845351473923
onset_times,361.1631746031746
onset_times,361.34893424036284
onset_times,361.48825396825396
onset_times,361.62757369614513
onset_times,361.76689342403625
onset_times,362.09197278911563
onset_times,362.2312925170068
onset_times,362.370612244898
onset_times,362.6956916099773
onset_times,362.8350113378685
onset_times,362.97433106575966
onset_times,363.299410430839
onset_times,363.43873015873015
onset_times,363.57804988662133
onset_times,363.71736961451245
onset_times,363.9031292517007
onset_times,364.0424489795918
onset_times,364.181768707483
onset_times,364.4604081632653
onset_times,364.5068480725624
onset_times,364.6461678004535
onset_times,364.7854875283447
onset_times,364.92480725623585
onset_times,365.064126984127
onset_times,365.24988662131517
onset_times,365.38920634920635
onset_times,365.5285260770975
onset_times,365.66784580498864
onset_times,365.85360544217684
onset_times,365.992925170068
onset_times,366.1322448979592
onset_times,366.2715646258503
onset_times,366.4573242630386
onset_times,366.5966439909297
onset_times,366.73596371882087
onset_times,366.87528344671205
onset_times,367.15392290249434
onset_times,367.20036281179136
onset_times,367.4790022675737
onset_times,367.61832199546484
onset_times,367.757641723356
onset_times,367.80408163265304
onset_times,367.9434013605442
onset_times,368.0827210884354
onset_times,368.40780045351477
onset_times,368.5471201814059
onset_times,368.68643990929706
onset_times,368.8257596371882
onset_times,368.96507936507936
onset_times,369.01151927437644
onset_times,369.29015873015874
onset_times,369.4294784580499
onset_times,369.56879818594103
onset_times,369.75455782312923
onset_times,369.8938775510204
onset_times,370.0331972789116
onset_times,370.1725170068027
onset_times,370.4975963718821
onset_times,370.7762358276644
onset_times,371.10131519274375
onset_times,371.24063492063493
onset_times,371.37995464852605
onset_times,371.7050340136054
onset_times,371.8443537414966
onset_times,371.9836734693878
onset_times,372.1229931972789
onset_times,372.2623129251701
onset_times,372.4480725623583
onset_times,372.58739229024945
onset_times,372.86603174603175
onset_times,372.9124716553288
onset_times,373.05179138321995
onset_times,373.1911111111111
onset_times,373.33043083900225
onset_times,373.5161904761905
onset_times,373.6555102040816
onset_times,373.7948299319728
onset_times,374.0734693877551
onset_times,374.2592290249433
onset_times,374.3985487528345
onset_times,374.53786848072565
onset_times,374.67718820861677
onset_times,374.81650793650795
onset_times,375.00226757369614
onset_times,375.28090702947844
onset_times,375.5595464852608
onset_times,375.6059863945578
onset_times,375.8846258503401
onset_times,376.0239455782313
onset_times,376.16326530612247
onset_times,376.34902494331067
onset_times,376.4883446712018
onset_times,376.62766439909296
onset_times,376.76698412698414
onset_times,376.90630385487526
onset_times,377.0920634920635
onset_times,377.23138321995464
onset_times,377.3707029478458
onset_times,377.556462585034
onset_times,377.6957823129252
onset_times,377.9744217687075
onset_times,378.1601814058957
onset_times,378.29950113378686
onset_times,378.438820861678
onset_times,378.57814058956916
onset_times,378.85678004535146
onset_times,378.90321995464853
onset_times,379.04253968253965
onset_times,379.18185941043083
onset_times,379.46049886621313
onset_times,379.6462585034014
onset_times,379.7855782312925
onset_times,380.0642176870748
onset_times,380.24997732426306
onset_times,380.3892970521542
onset_times,380.66793650793653
onset_times,380.85369614512473
onset_times,380.99301587301585
onset_times,381.132335600907
onset_times,381.2716553287982
onset_times,381.4574149659864
onset_times,381.5967346938776
onset_times,381.7360544217687
onset_times,381.8753741496599
onset_times,382.014693877551
onset_times,382.1540136054422
onset_times,382.20045351473925
onset_times,382.47909297052155
onset_times,382.8041723356009
onset_times,382.94349206349204
onset_times,383.2221315192744
onset_times,383.3614512471655
onset_times,383.4078911564626
onset_times,383.6865306122449
onset_times,383.82585034013607
onset_times,383.9651700680272
onset_times,384.01160997732427
onset_times,384.15092970521545
onset_times,384.29024943310657
onset_times,384.42956916099774
onset_times,384.56888888888886
onset_times,384.8475283446712
onset_times,384.89396825396824
onset_times,385.1726077097506
onset_times,385.3119274376417
onset_times,385.4976870748299
onset_times,385.77632653061227
onset_times,385.96208616780046
onset_times,386.1014058956916
onset_times,386.24072562358276
onset_times,386.38004535147394
onset_times,386.65868480725624
onset_times,386.7051247165533
onset_times,386.84444444444443
onset_times,386.9837641723356
onset_times,387.308843537415
onset_times,387.4481632653061
onset_times,387.5874829931973
onset_times,387.72680272108846
onset_times,387.91256235827666
onset_times,388.0518820861678
onset_times,388.19120181405896
onset_times,388.46984126984125
onset_times,388.79492063492063
onset_times,389.0735600907029
onset_times,389.2128798185941
onset_times,389.3986394557823
onset_times,389.5379591836735
onset_times,389.6772789115646
onset_times,389.86303854875285
onset_times,390.002358276644
onset_times,390.28099773242633
onset_times,390.42031746031745
onset_times,390.60607709750565
onset_times,390.884716553288
onset_times,391.1633560090703
onset_times,391.2097959183673
onset_times,391.4884353741497
onset_times,391.6277551020408
onset_times,391.76707482993197
onset_times,392.09215419501135
onset_times,392.23147392290247
onset_times,392.37079365079364
onset_times,392.55655328798184
onset_times,392.695873015873
onset_times,392.8351927437642
onset_times,392.9745124716553
onset_times,393.2995918367347
onset_times,393.43891156462587
onset_times,393.578231292517
onset_times,393.90331065759636
onset_times,394.04263038548754
onset_times,394.18195011337866
onset_times,394.460589569161
onset_times,394.50702947845804
onset_times,394.6463492063492
onset_times,394.7856689342404
onset_times,394.9249886621315
onset_times,395.0643083900227
onset_times,395.1107482993197
onset_times,395.2500680272109
onset_times,395.38938775510206
onset_times,395.66802721088436
onset_times,395.7144671201814
onset_times,395.85378684807256
onset_times,395.99310657596374
onset_times,396.27174603174603
onset_times,396.5968253968254
onset_times,396.8754648526077
onset_times,397.2005442176871
onset_times,397.33986394557826
onset_times,397.4791836734694
onset_times,397.80426303854875
onset_times,398.08290249433105
onset_times,398.6866213151927
onset_times,398.8259410430839
onset_times,398.9652607709751
onset_times,399.2903401360544
onset_times,399.4296598639456
onset_times,399.56897959183675
onset_times,399.8940589569161
onset_times,400.03337868480725
onset_times,400.1726984126984
onset_times,400.4977777777778
onset_times,400.6370975056689
onset_times,400.7764172335601
onset_times,401.10149659863947
onset_times,401.2408163265306
onset_times,401.38013605442177
onset_times,401.65877551020407
onset_times,401.70521541950114
onset_times,401.84453514739226
onset_times,401.98385487528344
onset_times,402.1231746031746
onset_times,402.3089342403628
onset_times,402.448253968254
onset_times,402.5875736961451
onset_times,402.8662131519274
onset_times,402.9126530612245
onset_times,403.05197278911567
onset_times,403.1912925170068
onset_times,403.46993197278914
onset_times,403.65569160997734
onset_times,403.79501133786846
onset_times,404.0736507936508
onset_times,404.39873015873013
onset_times,404.6773696145125
onset_times,404.8631292517007
onset_times,405.00244897959186
onset_times,405.141768707483
onset_times,405.28108843537416
onset_times,405.60616780045353
onset_times,405.88480725623583
onset_times,406.024126984127
onset_times,406.16344671201813
onset_times,406.3492063492063
onset_times,406.4885260770975
onset_times,406.7671655328798
onset_times,406.952925170068
onset_times,407.0922448979592
onset_times,407.23156462585035
onset_times,407.3708843537415
onset_times,407.69596371882085
onset_times,407.97460317460315
onset_times,408.2996825396825
onset_times,408.4390022675737
onset_times,408.5783219954649
onset_times,408.8569614512472
onset_times,408.9034013605442
onset_times,409.04272108843537
onset_times,409.18204081632655
onset_times,409.5071201814059
onset_times,409.64643990929704
onset_times,409.7857596371882
onset_times,410.0643990929705
onset_times,410.1108390022676
onset_times,410.2501587301587
onset_times,410.3894784580499
onset_times,410.6681179138322
onset_times,410.8538775510204
onset_times,410.99319727891157
onset_times,411.27183673469386
onset_times,411.45759637188206
onset_times,411.59691609977324
onset_times,411.7362358276644
onset_times,411.9219954648526
onset_times,412.0613151927438
onset_times,412.2006349206349
onset_times,412.4792743764172
onset_times,412.8043537414966
onset_times,413.08299319727894
onset_times,413.22231292517006
onset_times,413.6867120181406
onset_times,413.9653514739229
onset_times,414.2904308390023
onset_times,414.4297505668934
onset_times,414.5690702947846
onset_times,414.7548299319728
onset_times,414.89414965986396
onset_times,415.0334693877551
onset_times,415.17278911564625
onset_times,415.49786848072563
onset_times,415.6371882086168
onset_times,415.7765079365079
onset_times,415.9622675736961
onset_times,416.1015873015873
onset_times,416.2409070294785
onset_times,416.3802267573696
onset_times,416.5659863945578
onset_times,416.705306122449
onset_times,416.84462585034015
onset_times,416.98394557823127
onset_times,417.2625850340136
onset_times,417.58766439909294
onset_times,417.8663038548753
onset_times,418.1913832199547
onset_times,418.47002267573697
onset_times,418.65578231292517
onset_times,418.79510204081635
onset_times,418.93442176870747
onset_times,419.07374149659864
onset_times,419.2130612244898
onset_times,419.398820861678
onset_times,419.6774603174603
onset_times,419.8632199546485
onset_times,420.0025396825397
onset_times,420.281179138322
onset_times,420.42049886621317
onset_times,420.60625850340136
onset_times,420.88489795918366
onset_times,421.16353741496596
onset_times,421.3492970521542
onset_times,421.6279365079365
onset_times,421.7672562358277
onset_times,422.092335600907
onset_times,422.2316553287982
onset_times,422.37097505668936
onset_times,422.69605442176874
onset_times,422.83537414965986
onset_times,422.97469387755103
onset_times,423.25333333333333
onset_times,423.2997732426304
onset_times,423.5784126984127
onset_times,423.9034920634921
onset_times,424.1821315192744
onset_times,424.3678911564626
onset_times,424.50721088435375
onset_times,424.6465306122449
onset_times,424.78585034013605
onset_times,425.2502494331066
onset_times,425.3895691609977
onset_times,425.66820861678
onset_times,425.7146485260771
onset_times,425.8539682539683
onset_times,425.9932879818594
onset_times,426.27192743764175
onset_times,426.45768707482995
onset_times,426.59700680272107
onset_times,427.20072562358274
onset_times,427.6651247165533
onset_times,427.80444444444447
onset_times,428.08308390022677
onset_times,428.54748299319726
onset_times,428.68680272108844
onset_times,428.8261224489796
onset_times,428.96544217687074
onset_times,429.2905215419501
onset_times,429.4298412698413
onset_times,429.5691609977324
onset_times,429.8942403628118
onset_times,430.03356009070296
onset_times,430.1728798185941
onset_times,430.49795918367346
onset_times,430.63727891156464
onset_times,430.77659863945576
onset_times,431.10167800453513
onset_times,431.2409977324263
onset_times,431.3803174603175
onset_times,431.7053968253968
onset_times,431.844716553288
onset_times,431.98403628117916
onset_times,432.44843537414965
onset_times,432.58775510204083
onset_times,433.0521541950113
onset_times,433.1914739229025
onset_times,433.4701133786848
onset_times,433.655873015873
onset_times,433.7951927437642
onset_times,434.0738321995465
onset_times,434.21315192743765
onset_times,434.39891156462585
onset_times,434.67755102040815
onset_times,434.8168707482993
onset_times,435.0026303854875
onset_times,435.2812698412698
onset_times,435.6063492063492
onset_times,435.74566893424037
onset_times,435.8849886621315
onset_times,436.02430839002267
onset_times,436.16362811791385
onset_times,436.21006802721087
onset_times,436.4887074829932
onset_times,436.62802721088434
onset_times,436.7673469387755
onset_times,437.0459863945578
onset_times,437.231746031746
onset_times,437.3710657596372
onset_times,437.69614512471657
onset_times,437.8354648526077
onset_times,437.97478458049886
onset_times,438.29986394557824
onset_times,438.4391836734694
onset_times,438.57850340136054
onset_times,438.9035827664399
onset_times,439.0429024943311
onset_times,439.1822222222222
onset_times,439.46086167800456
onset_times,439.64662131519276
onset_times,439.7859410430839
onset_times,440.06458049886623
onset_times,440.25034013605443
onset_times,440.38965986394555
onset_times,440.52897959183673
onset_times,440.6682993197279
onset_times,440.71473922902493
onset_times,440.8540589569161
onset_times,440.9933786848073
onset_times,441.2720181405896
onset_times,441.4577777777778
onset_times,441.59709750566896
onset_times,441.87573696145125
onset_times,442.06149659863945
onset_times,442.2008163265306
onset_times,442.4794557823129
onset_times,442.6187755102041
onset_times,442.6652154195011
onset_times,442.8045351473923
onset_times,442.9438548752834
onset_times,443.0831746031746
onset_times,443.2224943310658
onset_times,443.3618140589569
onset_times,443.408253968254
onset_times,443.54757369614515
onset_times,443.68689342403627
onset_times,443.82621315192745
onset_times,443.96553287981857
onset_times,444.29061224489794
onset_times,444.4299319727891
onset_times,444.5692517006803
onset_times,444.8943310657596
onset_times,445.0336507936508
onset_times,445.17297052154197
onset_times,445.35873015873017
onset_times,445.4980498866213
onset_times,445.63736961451247
onset_times,445.77668934240364
onset_times,446.101768707483
onset_times,446.24108843537414
onset_times,446.3804081632653
onset_times,446.5661678004535
onset_times,446.7054875283447
onset_times,446.8448072562358
onset_times,446.984126984127
onset_times,447.2627664399093
onset_times,447.4485260770975
onset_times,447.58784580498866
onset_times,447.91292517006804
onset_times,448.05224489795916
onset_times,448.19156462585033
onset_times,448.47020408163263
onset_times,448.6559637188209
onset_times,448.795283446712
onset_times,448.9346031746032
onset_times,449.0739229024943
onset_times,449.2132426303855
onset_times,449.3990022675737
onset_times,449.67764172335603
onset_times,449.86340136054423
onset_times,450.00272108843535
onset_times,450.1420408163265
onset_times,450.2813605442177
onset_times,450.4206802721088
onset_times,450.56
onset_times,450.6064399092971
onset_times,450.8850793650794
onset_times,451.0243990929705
onset_times,451.1637188208617
onset_times,451.48879818594105
onset_times,451.6281179138322
onset_times,451.76743764172335
onset_times,452.0925170068027
onset_times,452.2318367346939
onset_times,452.371156462585
onset_times,452.5569160997732
onset_times,452.6962358276644
onset_times,452.8355555555556
onset_times,452.9748752834467
onset_times,453.16063492063495
onset_times,453.29995464852607
onset_times,453.43927437641725
onset_times,453.57859410430837
onset_times,453.90367346938774
onset_times,454.0429931972789
onset_times,454.1823129251701
onset_times,454.4609523809524
onset_times,454.5073922902494
onset_times,454.6467120181406
onset_times,454.78603174603177
onset_times,454.9253514739229
onset_times,454.97179138321997
onset_times,455.1111111111111
onset_times,455.25043083900226
onset_times,455.38975056689344
onset_times,455.66839002267574
onset_times,455.85414965986394
onset_times,455.9934693877551
onset_times,456.1792290249433
onset_times,456.4578684807256
onset_times,456.5971882086168
onset_times,456.8758276643991
onset_times,457.0615873015873
onset_times,457.20090702947846
onset_times,457.47954648526076
onset_times,457.61886621315193
onset_times,457.66530612244895
onset_times,457.80462585034013
onset_times,458.0832653061224
onset_times,458.2225850340136
onset_times,458.3619047619048
onset_times,458.547664399093
onset_times,458.6869841269841
onset_times,458.8263038548753
onset_times,458.96562358276645
onset_times,459.29070294784583
onset_times,459.43002267573695
onset_times,459.5693424036281
onset_times,459.7551020408163
onset_times,459.8944217687075
onset_times,460.0337414965986
onset_times,460.1730612244898
onset_times,460.4981405895692
onset_times,460.6374603174603
onset_times,460.7767800453515
onset_times,461.10185941043085
onset_times,461.24117913832197
onset_times,461.38049886621314
onset_times,461.7055782312925
onset_times,461.8448979591837
onset_times,461.9842176870748
onset_times,462.3092970521542
onset_times,462.44861678004537
onset_times,462.5879365079365
onset_times,462.86657596371884
onset_times,463.05233560090704
onset_times,463.19165532879816
onset_times,463.4702947845805
onset_times,463.6560544217687
onset_times,463.7953741496599
onset_times,464.0740136054422
onset_times,464.2597732426304
onset_times,464.39909297052156
onset_times,464.5384126984127
onset_times,464.67773242630386
onset_times,465.00281179138324
onset_times,465.28145124716553
onset_times,465.4207709750567
onset_times,465.6065306122449
onset_times,465.8851700680272
onset_times,466.0244897959184
onset_times,466.2102494331066
onset_times,466.34956916099776
onset_times,466.4888888888889
onset_times,466.62820861678006
onset_times,466.7675283446712
onset_times,466.81396825396826
onset_times,466.95328798185943
onset_times,467.09260770975055
onset_times,467.23192743764173
onset_times,467.3712471655329
onset_times,467.4176870748299
onset_times,467.5570068027211
onset_times,467.6963265306122
onset_times,467.8356462585034
onset_times,467.9749659863946
onset_times,468.3000453514739
onset_times,468.4393650793651
onset_times,468.57868480725625
onset_times,468.9037641723356
onset_times,469.04308390022675
onset_times,469.1824036281179
onset_times,469.32172335600904
onset_times,469.4610430839002
onset_times,469.5074829931973
onset_times,469.6468027210884
onset_times,469.7861224489796
onset_times,470.0183219954649
onset_times,470.111201814059
onset_times,470.2505215419501
onset_times,470.38984126984127
onset_times,470.71492063492065
onset_times,470.85424036281177
onset_times,470.99356009070294
onset_times,471.1328798185941
onset_times,471.27219954648524
onset_times,471.4579591836735
onset_times,471.5972789115646
onset_times,471.7365986394558
onset_times,471.8759183673469
onset_times,472.06167800453517
onset_times,472.2009977324263
onset_times,472.34031746031746
onset_times,472.47963718820864
onset_times,472.61895691609976
onset_times,472.80471655328796
onset_times,473.0833560090703
onset_times,473.22267573696143
onset_times,473.40843537414963
onset_times,473.5477551020408
onset_times,473.687074829932
onset_times,473.8263945578231
onset_times,474.01215419501136
onset_times,474.1514739229025
onset_times,474.29079365079366
onset_times,474.4301133786848
onset_times,474.61587301587304
onset_times,474.75519274376416
onset_times,474.89451247165533
onset_times,475.17315192743763
onset_times,475.2195918367347
onset_times,475.498231292517
onset_times,475.6375510204082
onset_times,475.8233106575964
onset_times,476.05551020408166
onset_times,476.1019501133787
onset_times,476.24126984126985
onset_times,476.380589569161
onset_times,476.42702947845805
onset_times,476.51990929705215
onset_times,476.65922902494333
onset_times,476.70566893424035
onset_times,476.8449886621315
onset_times,476.98430839002265
onset_times,477.1236281179138
onset_times,477.262947845805
onset_times,477.309387755102
onset_times,477.4487074829932
onset_times,477.5880272108844
onset_times,477.8666666666667
onset_times,478.00598639455785
onset_times,478.0524263038549
onset_times,478.19174603174605
onset_times,478.47038548752835
onset_times,478.65614512471655
onset_times,478.7954648526077
onset_times,478.93478458049884
onset_times,479.07410430839
onset_times,479.2598639455782
onset_times,479.3991836734694
onset_times,479.6778231292517
onset_times,479.8635827664399
onset_times,480.00290249433107
onset_times,480.28154195011336
onset_times,480.46730158730156
onset_times,480.60662131519274
onset_times,480.88526077097504
onset_times,481.2103401360544
onset_times,481.3496598639456
onset_times,481.4889795918367
onset_times,481.8140589569161
onset_times,482.09269841269844
onset_times,482.6964172335601
